prompt_id,persona,level,situational_context,full_prompt,llm_response,timestamp,error
1,MIT,High Intermediate,wants to have a career prospect,"This document contains a record of questions asked by computer science students.

STUDENT PROFILE:
Name: Jessey Johnson
Institution: A domestic American student studying at MIT
Experience Level: Senior students who completed a 3-month internship at a reputable tech company

CURRENT SITUATION:
Jessey Johnson wants to have a career prospect.

Jessey Johnson has access to an AI assistant to help with coding.

TASK:
1. Think about what technical terms Jessey Johnson would likely know given their profile.
2. Generate the specific question Jessey Johnson would ask.
3. IMPORTANT: Generate ONLY the question that Jessey Johnson would ask. DO NOT make Jessey Johnson introduce themselves again. Do not provide any answers, explanations, or additional text. Stop immediately after the question.

Jessey Johnson's Question: ""","""Can you help me understand how to optimize the performance of a distributed system, particularly with regard to minimizing latency and maximizing throughput?""",2025-12-16T19:12:01.073891,
2,Malagasy,Intermediate,is discovering GitHub,"This document contains a record of questions asked by computer science students.

STUDENT PROFILE:
Name: Vatosoa Razafindrazaka
Institution: A Malagasy student studying at the University of Antananarivo
Experience Level: Sophomore student who has built simple projects for coding assignments

CURRENT SITUATION:
Vatosoa Razafindrazaka is discovering GitHub.

Vatosoa Razafindrazaka has access to an AI assistant to help with coding.

TASK:
1. Think about what technical terms Vatosoa Razafindrazaka would likely know given their profile.
2. Generate the specific question Vatosoa Razafindrazaka would ask.
3. IMPORTANT: Generate ONLY the question that Vatosoa Razafindrazaka would ask. DO NOT make Vatosoa Razafindrazaka introduce themselves again. Do not provide any answers, explanations, or additional text. Stop immediately after the question.

Vatosoa Razafindrazaka's Question: ""","Vatosoa Razafindrazaka's Question: ""How can I effectively use branches in GitHub to manage different versions of my project?""",2025-12-16T19:12:02.716827,
3,MIT,Beginner,wants to have a career prospect,"This document contains a record of questions asked by computer science students.

STUDENT PROFILE:
Name: Jessey Johnson
Institution: A domestic American student studying at MIT
Experience Level: Freshman-year student discovering coding for the first time

CURRENT SITUATION:
Jessey Johnson wants to have a career prospect.

Jessey Johnson has access to an AI assistant to help with coding.

TASK:
1. Think about what technical terms Jessey Johnson would likely know given their profile.
2. Generate the specific question Jessey Johnson would ask.
3. IMPORTANT: Generate ONLY the question that Jessey Johnson would ask. DO NOT make Jessey Johnson introduce themselves again. Do not provide any answers, explanations, or additional text. Stop immediately after the question.

Jessey Johnson's Question: ""","Jessey Johnson's Question: ""What is the best way for a beginner to practice coding on a daily basis?""",2025-12-16T19:12:04.284565,
4,Malagasy,Intermediate,is building a personal website,"This document contains a record of questions asked by computer science students.

STUDENT PROFILE:
Name: Vatosoa Razafindrazaka
Institution: A Malagasy student studying at the University of Antananarivo
Experience Level: Sophomore student who has built simple projects for coding assignments

CURRENT SITUATION:
Vatosoa Razafindrazaka is building a personal website.

Vatosoa Razafindrazaka has access to an AI assistant to help with coding.

TASK:
1. Think about what technical terms Vatosoa Razafindrazaka would likely know given their profile.
2. Generate the specific question Vatosoa Razafindrazaka would ask.
3. IMPORTANT: Generate ONLY the question that Vatosoa Razafindrazaka would ask. DO NOT make Vatosoa Razafindrazaka introduce themselves again. Do not provide any answers, explanations, or additional text. Stop immediately after the question.

Vatosoa Razafindrazaka's Question: ""","Vatosoa Razafindrazaka's Question: ""How can I use CSS Grid to layout my personal website so that it's responsive and visually appealing?""",2025-12-16T19:12:05.915951,
5,MIT,High Intermediate,is asking AI to correct code,"This document contains a record of questions asked by computer science students.

STUDENT PROFILE:
Name: Jessey Johnson
Institution: A domestic American student studying at MIT
Experience Level: Senior students who completed a 3-month internship at a reputable tech company

CURRENT SITUATION:
Jessey Johnson is asking AI to correct code.

Jessey Johnson has access to an AI assistant to help with coding.

TASK:
1. Think about what technical terms Jessey Johnson would likely know given their profile.
2. Generate the specific question Jessey Johnson would ask.
3. IMPORTANT: Generate ONLY the question that Jessey Johnson would ask. DO NOT make Jessey Johnson introduce themselves again. Do not provide any answers, explanations, or additional text. Stop immediately after the question.

Jessey Johnson's Question: ""","""Can you help me debug this Python script that uses TensorFlow for image classification? I keep getting a shape mismatch error.""",2025-12-16T19:12:07.768936,
6,MIT,High Intermediate,is building a website,"This document contains a record of questions asked by computer science students.

STUDENT PROFILE:
Name: Jessey Johnson
Institution: A domestic American student studying at MIT
Experience Level: Senior students who completed a 3-month internship at a reputable tech company

CURRENT SITUATION:
Jessey Johnson is building a website.

Jessey Johnson has access to an AI assistant to help with coding.

TASK:
1. Think about what technical terms Jessey Johnson would likely know given their profile.
2. Generate the specific question Jessey Johnson would ask.
3. IMPORTANT: Generate ONLY the question that Jessey Johnson would ask. DO NOT make Jessey Johnson introduce themselves again. Do not provide any answers, explanations, or additional text. Stop immediately after the question.

Jessey Johnson's Question: ""","How can I ensure my website's REST API is both performant and secure, given that I've implemented rate limiting and input validation?""",2025-12-16T19:12:09.509067,
7,MIT,Beginner,is learning how to make simple animations with JavaScript,"This document contains a record of questions asked by computer science students.

STUDENT PROFILE:
Name: Jessey Johnson
Institution: A domestic American student studying at MIT
Experience Level: Freshman-year student discovering coding for the first time

CURRENT SITUATION:
Jessey Johnson is learning how to make simple animations with JavaScript.

Jessey Johnson has access to an AI assistant to help with coding.

TASK:
1. Think about what technical terms Jessey Johnson would likely know given their profile.
2. Generate the specific question Jessey Johnson would ask.
3. IMPORTANT: Generate ONLY the question that Jessey Johnson would ask. DO NOT make Jessey Johnson introduce themselves again. Do not provide any answers, explanations, or additional text. Stop immediately after the question.

Jessey Johnson's Question: ""","Jessey Johnson's Question: ""How do I use JavaScript to animate a simple shape like a square on a webpage?""",2025-12-16T19:12:11.145913,
8,MIT,Beginner,wants to know clubs with other people who learn coding,"This document contains a record of questions asked by computer science students.

STUDENT PROFILE:
Name: Jessey Johnson
Institution: A domestic American student studying at MIT
Experience Level: Freshman-year student discovering coding for the first time

CURRENT SITUATION:
Jessey Johnson wants to know clubs with other people who learn coding.

Jessey Johnson has access to an AI assistant to help with coding.

TASK:
1. Think about what technical terms Jessey Johnson would likely know given their profile.
2. Generate the specific question Jessey Johnson would ask.
3. IMPORTANT: Generate ONLY the question that Jessey Johnson would ask. DO NOT make Jessey Johnson introduce themselves again. Do not provide any answers, explanations, or additional text. Stop immediately after the question.

Jessey Johnson's Question: ""","Jessey Johnson's Question: ""Are there any coding or programming clubs at MIT that I can join to meet others who are learning coding?""",2025-12-16T19:12:12.839587,
9,MIT,High Intermediate,is reading a book about coding,"This document contains a record of questions asked by computer science students.

STUDENT PROFILE:
Name: Jessey Johnson
Institution: A domestic American student studying at MIT
Experience Level: Senior students who completed a 3-month internship at a reputable tech company

CURRENT SITUATION:
Jessey Johnson is reading a book about coding.

Jessey Johnson has access to an AI assistant to help with coding.

TASK:
1. Think about what technical terms Jessey Johnson would likely know given their profile.
2. Generate the specific question Jessey Johnson would ask.
3. IMPORTANT: Generate ONLY the question that Jessey Johnson would ask. DO NOT make Jessey Johnson introduce themselves again. Do not provide any answers, explanations, or additional text. Stop immediately after the question.

Jessey Johnson's Question: ""","Jessey Johnson's Question: ""How can I effectively implement a merge sort algorithm with O(n log n) complexity in Python?""",2025-12-16T19:12:14.628279,
10,Malagasy,Intermediate,is building a prototype for a school project,"This document contains a record of questions asked by computer science students.

STUDENT PROFILE:
Name: Vatosoa Razafindrazaka
Institution: A Malagasy student studying at the University of Antananarivo
Experience Level: Sophomore student who has built simple projects for coding assignments

CURRENT SITUATION:
Vatosoa Razafindrazaka is building a prototype for a school project.

Vatosoa Razafindrazaka has access to an AI assistant to help with coding.

TASK:
1. Think about what technical terms Vatosoa Razafindrazaka would likely know given their profile.
2. Generate the specific question Vatosoa Razafindrazaka would ask.
3. IMPORTANT: Generate ONLY the question that Vatosoa Razafindrazaka would ask. DO NOT make Vatosoa Razafindrazaka introduce themselves again. Do not provide any answers, explanations, or additional text. Stop immediately after the question.

Vatosoa Razafindrazaka's Question: ""","How can I implement a RESTful API in my Flask application to manage CRUD operations for my school project prototype?""",2025-12-16T19:12:16.277513,
11,MIT,Intermediate,is building a personal website,"This document contains a record of questions asked by computer science students.

STUDENT PROFILE:
Name: Jessey Johnson
Institution: A domestic American student studying at MIT
Experience Level: Sophomore student who has built simple projects for coding assignments

CURRENT SITUATION:
Jessey Johnson is building a personal website.

Jessey Johnson has access to an AI assistant to help with coding.

TASK:
1. Think about what technical terms Jessey Johnson would likely know given their profile.
2. Generate the specific question Jessey Johnson would ask.
3. IMPORTANT: Generate ONLY the question that Jessey Johnson would ask. DO NOT make Jessey Johnson introduce themselves again. Do not provide any answers, explanations, or additional text. Stop immediately after the question.

Jessey Johnson's Question: ""","Jessey Johnson's Question: ""How can I use CSS Grid to create a responsive layout for my personal website?""",2025-12-16T19:12:17.805328,
12,MIT,Intermediate,is discovering GitHub,"This document contains a record of questions asked by computer science students.

STUDENT PROFILE:
Name: Jessey Johnson
Institution: A domestic American student studying at MIT
Experience Level: Sophomore student who has built simple projects for coding assignments

CURRENT SITUATION:
Jessey Johnson is discovering GitHub.

Jessey Johnson has access to an AI assistant to help with coding.

TASK:
1. Think about what technical terms Jessey Johnson would likely know given their profile.
2. Generate the specific question Jessey Johnson would ask.
3. IMPORTANT: Generate ONLY the question that Jessey Johnson would ask. DO NOT make Jessey Johnson introduce themselves again. Do not provide any answers, explanations, or additional text. Stop immediately after the question.

Jessey Johnson's Question: ""","Jessey Johnson's Question: ""How can I effectively use branches in GitHub to manage my coding projects?""",2025-12-16T19:12:19.442225,
13,Malagasy,High Intermediate,is asking about the work people do in tech,"This document contains a record of questions asked by computer science students.

STUDENT PROFILE:
Name: Vatosoa Razafindrazaka
Institution: A Malagasy student studying at the University of Antananarivo
Experience Level: Senior students who completed a 3-month internship at a reputable tech company

CURRENT SITUATION:
Vatosoa Razafindrazaka is asking about the work people do in tech.

Vatosoa Razafindrazaka has access to an AI assistant to help with coding.

TASK:
1. Think about what technical terms Vatosoa Razafindrazaka would likely know given their profile.
2. Generate the specific question Vatosoa Razafindrazaka would ask.
3. IMPORTANT: Generate ONLY the question that Vatosoa Razafindrazaka would ask. DO NOT make Vatosoa Razafindrazaka introduce themselves again. Do not provide any answers, explanations, or additional text. Stop immediately after the question.

Vatosoa Razafindrazaka's Question: ""","""Can you explain the role of microservices in modern software development, and how they compare to monolithic architectures in terms of scalability and maintenance?""",2025-12-16T19:12:21.079113,
14,Malagasy,Intermediate,is discovering LeetCode,"This document contains a record of questions asked by computer science students.

STUDENT PROFILE:
Name: Vatosoa Razafindrazaka
Institution: A Malagasy student studying at the University of Antananarivo
Experience Level: Sophomore student who has built simple projects for coding assignments

CURRENT SITUATION:
Vatosoa Razafindrazaka is discovering LeetCode.

Vatosoa Razafindrazaka has access to an AI assistant to help with coding.

TASK:
1. Think about what technical terms Vatosoa Razafindrazaka would likely know given their profile.
2. Generate the specific question Vatosoa Razafindrazaka would ask.
3. IMPORTANT: Generate ONLY the question that Vatosoa Razafindrazaka would ask. DO NOT make Vatosoa Razafindrazaka introduce themselves again. Do not provide any answers, explanations, or additional text. Stop immediately after the question.

Vatosoa Razafindrazaka's Question: ""","Vatosoa Razafindrazaka's Question: ""How can I effectively use dynamic programming to solve the 'Longest Increasing Subsequence' problem on LeetCode?""",2025-12-16T19:12:22.682557,
15,MIT,Intermediate,is building a to-do list,"This document contains a record of questions asked by computer science students.

STUDENT PROFILE:
Name: Jessey Johnson
Institution: A domestic American student studying at MIT
Experience Level: Sophomore student who has built simple projects for coding assignments

CURRENT SITUATION:
Jessey Johnson is building a to-do list.

Jessey Johnson has access to an AI assistant to help with coding.

TASK:
1. Think about what technical terms Jessey Johnson would likely know given their profile.
2. Generate the specific question Jessey Johnson would ask.
3. IMPORTANT: Generate ONLY the question that Jessey Johnson would ask. DO NOT make Jessey Johnson introduce themselves again. Do not provide any answers, explanations, or additional text. Stop immediately after the question.

Jessey Johnson's Question: ""","Jessey Johnson's Question: ""How can I implement a priority queue for my to-do list to automatically sort tasks by urgency and deadline?""",2025-12-16T19:12:24.560152,
16,MIT,Intermediate,is discovering LeetCode,"This document contains a record of questions asked by computer science students.

STUDENT PROFILE:
Name: Jessey Johnson
Institution: A domestic American student studying at MIT
Experience Level: Sophomore student who has built simple projects for coding assignments

CURRENT SITUATION:
Jessey Johnson is discovering LeetCode.

Jessey Johnson has access to an AI assistant to help with coding.

TASK:
1. Think about what technical terms Jessey Johnson would likely know given their profile.
2. Generate the specific question Jessey Johnson would ask.
3. IMPORTANT: Generate ONLY the question that Jessey Johnson would ask. DO NOT make Jessey Johnson introduce themselves again. Do not provide any answers, explanations, or additional text. Stop immediately after the question.

Jessey Johnson's Question: ""","Jessey Johnson's Question: ""Can you explain how to implement a binary search algorithm for a sorted array?""",2025-12-16T19:12:26.201960,
17,MIT,High Intermediate,is preparing for a technical interview,"This document contains a record of questions asked by computer science students.

STUDENT PROFILE:
Name: Jessey Johnson
Institution: A domestic American student studying at MIT
Experience Level: Senior students who completed a 3-month internship at a reputable tech company

CURRENT SITUATION:
Jessey Johnson is preparing for a technical interview.

Jessey Johnson has access to an AI assistant to help with coding.

TASK:
1. Think about what technical terms Jessey Johnson would likely know given their profile.
2. Generate the specific question Jessey Johnson would ask.
3. IMPORTANT: Generate ONLY the question that Jessey Johnson would ask. DO NOT make Jessey Johnson introduce themselves again. Do not provide any answers, explanations, or additional text. Stop immediately after the question.

Jessey Johnson's Question: ""","Jessey Johnson's Question: ""Can you explain how to optimize the time complexity of a merge sort algorithm and its practical implications for large datasets?""",2025-12-16T19:12:27.837556,
18,MIT,High Intermediate,is doing a hackathon,"This document contains a record of questions asked by computer science students.

STUDENT PROFILE:
Name: Jessey Johnson
Institution: A domestic American student studying at MIT
Experience Level: Senior students who completed a 3-month internship at a reputable tech company

CURRENT SITUATION:
Jessey Johnson is doing a hackathon.

Jessey Johnson has access to an AI assistant to help with coding.

TASK:
1. Think about what technical terms Jessey Johnson would likely know given their profile.
2. Generate the specific question Jessey Johnson would ask.
3. IMPORTANT: Generate ONLY the question that Jessey Johnson would ask. DO NOT make Jessey Johnson introduce themselves again. Do not provide any answers, explanations, or additional text. Stop immediately after the question.

Jessey Johnson's Question: ""","""Can you recommend efficient algorithms for real-time data processing and how I can integrate them into a streaming architecture?""",2025-12-16T19:12:29.682660,
19,Malagasy,High Intermediate,is preparing an undergraduate thesis presentation,"This document contains a record of questions asked by computer science students.

STUDENT PROFILE:
Name: Vatosoa Razafindrazaka
Institution: A Malagasy student studying at the University of Antananarivo
Experience Level: Senior students who completed a 3-month internship at a reputable tech company

CURRENT SITUATION:
Vatosoa Razafindrazaka is preparing an undergraduate thesis presentation.

Vatosoa Razafindrazaka has access to an AI assistant to help with coding.

TASK:
1. Think about what technical terms Vatosoa Razafindrazaka would likely know given their profile.
2. Generate the specific question Vatosoa Razafindrazaka would ask.
3. IMPORTANT: Generate ONLY the question that Vatosoa Razafindrazaka would ask. DO NOT make Vatosoa Razafindrazaka introduce themselves again. Do not provide any answers, explanations, or additional text. Stop immediately after the question.

Vatosoa Razafindrazaka's Question: ""","Vatosoa Razafindrazaka's Question: ""How can I use machine learning to analyze the performance of recommendation algorithms in my e-commerce platform?""",2025-12-16T19:12:31.332783,
20,Malagasy,High Intermediate,is asking AI to correct code,"This document contains a record of questions asked by computer science students.

STUDENT PROFILE:
Name: Vatosoa Razafindrazaka
Institution: A Malagasy student studying at the University of Antananarivo
Experience Level: Senior students who completed a 3-month internship at a reputable tech company

CURRENT SITUATION:
Vatosoa Razafindrazaka is asking AI to correct code.

Vatosoa Razafindrazaka has access to an AI assistant to help with coding.

TASK:
1. Think about what technical terms Vatosoa Razafindrazaka would likely know given their profile.
2. Generate the specific question Vatosoa Razafindrazaka would ask.
3. IMPORTANT: Generate ONLY the question that Vatosoa Razafindrazaka would ask. DO NOT make Vatosoa Razafindrazaka introduce themselves again. Do not provide any answers, explanations, or additional text. Stop immediately after the question.

Vatosoa Razafindrazaka's Question: ""","Vatosoa Razafindrazaka's Question: ""Could you help me debug this Python function to ensure it correctly implements the binary search algorithm?""",2025-12-16T19:12:32.942922,
21,Malagasy,High Intermediate,is updating a feature in a production app,"This document contains a record of questions asked by computer science students.

STUDENT PROFILE:
Name: Vatosoa Razafindrazaka
Institution: A Malagasy student studying at the University of Antananarivo
Experience Level: Senior students who completed a 3-month internship at a reputable tech company

CURRENT SITUATION:
Vatosoa Razafindrazaka is updating a feature in a production app.

Vatosoa Razafindrazaka has access to an AI assistant to help with coding.

TASK:
1. Think about what technical terms Vatosoa Razafindrazaka would likely know given their profile.
2. Generate the specific question Vatosoa Razafindrazaka would ask.
3. IMPORTANT: Generate ONLY the question that Vatosoa Razafindrazaka would ask. DO NOT make Vatosoa Razafindrazaka introduce themselves again. Do not provide any answers, explanations, or additional text. Stop immediately after the question.

Vatosoa Razafindrazaka's Question: ""","""How can I ensure my feature update does not disrupt the existing APIs and microservices in the production environment?""",2025-12-16T19:12:34.599239,
22,MIT,Intermediate,is doing a hackathon,"This document contains a record of questions asked by computer science students.

STUDENT PROFILE:
Name: Jessey Johnson
Institution: A domestic American student studying at MIT
Experience Level: Sophomore student who has built simple projects for coding assignments

CURRENT SITUATION:
Jessey Johnson is doing a hackathon.

Jessey Johnson has access to an AI assistant to help with coding.

TASK:
1. Think about what technical terms Jessey Johnson would likely know given their profile.
2. Generate the specific question Jessey Johnson would ask.
3. IMPORTANT: Generate ONLY the question that Jessey Johnson would ask. DO NOT make Jessey Johnson introduce themselves again. Do not provide any answers, explanations, or additional text. Stop immediately after the question.

Jessey Johnson's Question: ""","Jessey Johnson's Question: ""How can I use neural networks to optimize my algorithm for real-time object detection during the hackathon?""",2025-12-16T19:12:36.236384,
23,Malagasy,High Intermediate,wants to practice coding,"This document contains a record of questions asked by computer science students.

STUDENT PROFILE:
Name: Vatosoa Razafindrazaka
Institution: A Malagasy student studying at the University of Antananarivo
Experience Level: Senior students who completed a 3-month internship at a reputable tech company

CURRENT SITUATION:
Vatosoa Razafindrazaka wants to practice coding.

Vatosoa Razafindrazaka has access to an AI assistant to help with coding.

TASK:
1. Think about what technical terms Vatosoa Razafindrazaka would likely know given their profile.
2. Generate the specific question Vatosoa Razafindrazaka would ask.
3. IMPORTANT: Generate ONLY the question that Vatosoa Razafindrazaka would ask. DO NOT make Vatosoa Razafindrazaka introduce themselves again. Do not provide any answers, explanations, or additional text. Stop immediately after the question.

Vatosoa Razafindrazaka's Question: ""","""Can you help me implement a machine learning model in Python that uses TensorFlow to classify images of handwritten digits?""",2025-12-16T19:12:37.881400,
24,Malagasy,Beginner,is confused about an error in a code IDE,"This document contains a record of questions asked by computer science students.

STUDENT PROFILE:
Name: Vatosoa Razafindrazaka
Institution: A Malagasy student studying at the University of Antananarivo
Experience Level: Freshman-year student discovering coding for the first time

CURRENT SITUATION:
Vatosoa Razafindrazaka is confused about an error in a code IDE.

Vatosoa Razafindrazaka has access to an AI assistant to help with coding.

TASK:
1. Think about what technical terms Vatosoa Razafindrazaka would likely know given their profile.
2. Generate the specific question Vatosoa Razafindrazaka would ask.
3. IMPORTANT: Generate ONLY the question that Vatosoa Razafindrazaka would ask. DO NOT make Vatosoa Razafindrazaka introduce themselves again. Do not provide any answers, explanations, or additional text. Stop immediately after the question.

Vatosoa Razafindrazaka's Question: ""","Vatosoa Razafindrazaka's Question: ""Why am I getting a syntax error in my code when I try to run it?""",2025-12-16T19:12:39.717266,
25,MIT,High Intermediate,is updating a feature in a production app,"This document contains a record of questions asked by computer science students.

STUDENT PROFILE:
Name: Jessey Johnson
Institution: A domestic American student studying at MIT
Experience Level: Senior students who completed a 3-month internship at a reputable tech company

CURRENT SITUATION:
Jessey Johnson is updating a feature in a production app.

Jessey Johnson has access to an AI assistant to help with coding.

TASK:
1. Think about what technical terms Jessey Johnson would likely know given their profile.
2. Generate the specific question Jessey Johnson would ask.
3. IMPORTANT: Generate ONLY the question that Jessey Johnson would ask. DO NOT make Jessey Johnson introduce themselves again. Do not provide any answers, explanations, or additional text. Stop immediately after the question.

Jessey Johnson's Question: ""","""How can I implement a CI/CD pipeline for my feature update in our existing GitLab repository?""",2025-12-16T19:12:41.341888,
26,Malagasy,High Intermediate,is taking a CS class,"This document contains a record of questions asked by computer science students.

STUDENT PROFILE:
Name: Vatosoa Razafindrazaka
Institution: A Malagasy student studying at the University of Antananarivo
Experience Level: Senior students who completed a 3-month internship at a reputable tech company

CURRENT SITUATION:
Vatosoa Razafindrazaka is taking a CS class.

Vatosoa Razafindrazaka has access to an AI assistant to help with coding.

TASK:
1. Think about what technical terms Vatosoa Razafindrazaka would likely know given their profile.
2. Generate the specific question Vatosoa Razafindrazaka would ask.
3. IMPORTANT: Generate ONLY the question that Vatosoa Razafindrazaka would ask. DO NOT make Vatosoa Razafindrazaka introduce themselves again. Do not provide any answers, explanations, or additional text. Stop immediately after the question.

Vatosoa Razafindrazaka's Question: ""","""Can you explain how to optimize a machine learning model's performance using hyperparameter tuning and cross-validation in Python?""",2025-12-16T19:12:42.920253,
27,Malagasy,High Intermediate,wants to optimize a system design,"This document contains a record of questions asked by computer science students.

STUDENT PROFILE:
Name: Vatosoa Razafindrazaka
Institution: A Malagasy student studying at the University of Antananarivo
Experience Level: Senior students who completed a 3-month internship at a reputable tech company

CURRENT SITUATION:
Vatosoa Razafindrazaka wants to optimize a system design.

Vatosoa Razafindrazaka has access to an AI assistant to help with coding.

TASK:
1. Think about what technical terms Vatosoa Razafindrazaka would likely know given their profile.
2. Generate the specific question Vatosoa Razafindrazaka would ask.
3. IMPORTANT: Generate ONLY the question that Vatosoa Razafindrazaka would ask. DO NOT make Vatosoa Razafindrazaka introduce themselves again. Do not provide any answers, explanations, or additional text. Stop immediately after the question.

Vatosoa Razafindrazaka's Question: ""","""How can I effectively implement load balancing and failover mechanisms in a microservices architecture to ensure high availability and reliability of my system?""",2025-12-16T19:12:44.632652,
28,MIT,High Intermediate,is asking about the work people do in tech,"This document contains a record of questions asked by computer science students.

STUDENT PROFILE:
Name: Jessey Johnson
Institution: A domestic American student studying at MIT
Experience Level: Senior students who completed a 3-month internship at a reputable tech company

CURRENT SITUATION:
Jessey Johnson is asking about the work people do in tech.

Jessey Johnson has access to an AI assistant to help with coding.

TASK:
1. Think about what technical terms Jessey Johnson would likely know given their profile.
2. Generate the specific question Jessey Johnson would ask.
3. IMPORTANT: Generate ONLY the question that Jessey Johnson would ask. DO NOT make Jessey Johnson introduce themselves again. Do not provide any answers, explanations, or additional text. Stop immediately after the question.

Jessey Johnson's Question: ""","Jessey Johnson's Question: ""Can you explain the typical responsibilities of a software engineer working in a DevOps environment?""",2025-12-16T19:12:46.370338,
29,MIT,Beginner,is learning data visualization with Python,"This document contains a record of questions asked by computer science students.

STUDENT PROFILE:
Name: Jessey Johnson
Institution: A domestic American student studying at MIT
Experience Level: Freshman-year student discovering coding for the first time

CURRENT SITUATION:
Jessey Johnson is learning data visualization with Python.

Jessey Johnson has access to an AI assistant to help with coding.

TASK:
1. Think about what technical terms Jessey Johnson would likely know given their profile.
2. Generate the specific question Jessey Johnson would ask.
3. IMPORTANT: Generate ONLY the question that Jessey Johnson would ask. DO NOT make Jessey Johnson introduce themselves again. Do not provide any answers, explanations, or additional text. Stop immediately after the question.

Jessey Johnson's Question: ""","Jessey Johnson's Question: ""How do I use Matplotlib to create a bar chart in Python?""",2025-12-16T19:12:47.997168,
30,Malagasy,Beginner,is learning data visualization with Python,"This document contains a record of questions asked by computer science students.

STUDENT PROFILE:
Name: Vatosoa Razafindrazaka
Institution: A Malagasy student studying at the University of Antananarivo
Experience Level: Freshman-year student discovering coding for the first time

CURRENT SITUATION:
Vatosoa Razafindrazaka is learning data visualization with Python.

Vatosoa Razafindrazaka has access to an AI assistant to help with coding.

TASK:
1. Think about what technical terms Vatosoa Razafindrazaka would likely know given their profile.
2. Generate the specific question Vatosoa Razafindrazaka would ask.
3. IMPORTANT: Generate ONLY the question that Vatosoa Razafindrazaka would ask. DO NOT make Vatosoa Razafindrazaka introduce themselves again. Do not provide any answers, explanations, or additional text. Stop immediately after the question.

Vatosoa Razafindrazaka's Question: ""","""How do I use Matplotlib to create a simple bar chart in Python?""",2025-12-16T19:12:49.473417,
31,MIT,Intermediate,is building a prototype for a school project,"This document contains a record of questions asked by computer science students.

STUDENT PROFILE:
Name: Jessey Johnson
Institution: A domestic American student studying at MIT
Experience Level: Sophomore student who has built simple projects for coding assignments

CURRENT SITUATION:
Jessey Johnson is building a prototype for a school project.

Jessey Johnson has access to an AI assistant to help with coding.

TASK:
1. Think about what technical terms Jessey Johnson would likely know given their profile.
2. Generate the specific question Jessey Johnson would ask.
3. IMPORTANT: Generate ONLY the question that Jessey Johnson would ask. DO NOT make Jessey Johnson introduce themselves again. Do not provide any answers, explanations, or additional text. Stop immediately after the question.

Jessey Johnson's Question: ""","""Can you help me debug this segmentation fault in my C++ code? I suspect it's related to my dynamic memory allocation but I'm not sure.""",2025-12-16T19:12:51.182942,
32,MIT,High Intermediate,is preparing an undergraduate thesis presentation,"This document contains a record of questions asked by computer science students.

STUDENT PROFILE:
Name: Jessey Johnson
Institution: A domestic American student studying at MIT
Experience Level: Senior students who completed a 3-month internship at a reputable tech company

CURRENT SITUATION:
Jessey Johnson is preparing an undergraduate thesis presentation.

Jessey Johnson has access to an AI assistant to help with coding.

TASK:
1. Think about what technical terms Jessey Johnson would likely know given their profile.
2. Generate the specific question Jessey Johnson would ask.
3. IMPORTANT: Generate ONLY the question that Jessey Johnson would ask. DO NOT make Jessey Johnson introduce themselves again. Do not provide any answers, explanations, or additional text. Stop immediately after the question.

Jessey Johnson's Question: ""","""Can you help me integrate natural language processing into my thesis project using Python, specifically by incorporating a pre-trained transformer model like BERT for sentiment analysis?""",2025-12-16T19:12:53.028422,
33,Malagasy,Beginner,is learning how to make simple animations with JavaScript,"This document contains a record of questions asked by computer science students.

STUDENT PROFILE:
Name: Vatosoa Razafindrazaka
Institution: A Malagasy student studying at the University of Antananarivo
Experience Level: Freshman-year student discovering coding for the first time

CURRENT SITUATION:
Vatosoa Razafindrazaka is learning how to make simple animations with JavaScript.

Vatosoa Razafindrazaka has access to an AI assistant to help with coding.

TASK:
1. Think about what technical terms Vatosoa Razafindrazaka would likely know given their profile.
2. Generate the specific question Vatosoa Razafindrazaka would ask.
3. IMPORTANT: Generate ONLY the question that Vatosoa Razafindrazaka would ask. DO NOT make Vatosoa Razafindrazaka introduce themselves again. Do not provide any answers, explanations, or additional text. Stop immediately after the question.

Vatosoa Razafindrazaka's Question: ""","Vatosoa Razafindrazaka's Question: ""How can I use JavaScript to make an element move across the screen in a straight line?""",2025-12-16T19:12:54.871115,
34,MIT,Beginner,is discovering vibecoding,"This document contains a record of questions asked by computer science students.

STUDENT PROFILE:
Name: Jessey Johnson
Institution: A domestic American student studying at MIT
Experience Level: Freshman-year student discovering coding for the first time

CURRENT SITUATION:
Jessey Johnson is discovering vibecoding.

Jessey Johnson has access to an AI assistant to help with coding.

TASK:
1. Think about what technical terms Jessey Johnson would likely know given their profile.
2. Generate the specific question Jessey Johnson would ask.
3. IMPORTANT: Generate ONLY the question that Jessey Johnson would ask. DO NOT make Jessey Johnson introduce themselves again. Do not provide any answers, explanations, or additional text. Stop immediately after the question.

Jessey Johnson's Question: ""","""How do I use variables in Python to store and manipulate data?""",2025-12-16T19:12:56.558562,
35,Malagasy,Beginner,wants to know clubs with other people who learn coding,"This document contains a record of questions asked by computer science students.

STUDENT PROFILE:
Name: Vatosoa Razafindrazaka
Institution: A Malagasy student studying at the University of Antananarivo
Experience Level: Freshman-year student discovering coding for the first time

CURRENT SITUATION:
Vatosoa Razafindrazaka wants to know clubs with other people who learn coding.

Vatosoa Razafindrazaka has access to an AI assistant to help with coding.

TASK:
1. Think about what technical terms Vatosoa Razafindrazaka would likely know given their profile.
2. Generate the specific question Vatosoa Razafindrazaka would ask.
3. IMPORTANT: Generate ONLY the question that Vatosoa Razafindrazaka would ask. DO NOT make Vatosoa Razafindrazaka introduce themselves again. Do not provide any answers, explanations, or additional text. Stop immediately after the question.

Vatosoa Razafindrazaka's Question: ""","Vatosoa Razafindrazaka's Question: ""Are there any coding clubs or groups for beginners at the University of Antananarivo?""",2025-12-16T19:12:58.517275,
36,MIT,Beginner,is confused about an error in a code IDE,"This document contains a record of questions asked by computer science students.

STUDENT PROFILE:
Name: Jessey Johnson
Institution: A domestic American student studying at MIT
Experience Level: Freshman-year student discovering coding for the first time

CURRENT SITUATION:
Jessey Johnson is confused about an error in a code IDE.

Jessey Johnson has access to an AI assistant to help with coding.

TASK:
1. Think about what technical terms Jessey Johnson would likely know given their profile.
2. Generate the specific question Jessey Johnson would ask.
3. IMPORTANT: Generate ONLY the question that Jessey Johnson would ask. DO NOT make Jessey Johnson introduce themselves again. Do not provide any answers, explanations, or additional text. Stop immediately after the question.

Jessey Johnson's Question: ""","Jessey Johnson's Question: ""Why am I getting a 'SyntaxError' in my code, and how can I fix it?""",2025-12-16T19:13:00.091953,
37,MIT,High Intermediate,wants to practice coding,"This document contains a record of questions asked by computer science students.

STUDENT PROFILE:
Name: Jessey Johnson
Institution: A domestic American student studying at MIT
Experience Level: Senior students who completed a 3-month internship at a reputable tech company

CURRENT SITUATION:
Jessey Johnson wants to practice coding.

Jessey Johnson has access to an AI assistant to help with coding.

TASK:
1. Think about what technical terms Jessey Johnson would likely know given their profile.
2. Generate the specific question Jessey Johnson would ask.
3. IMPORTANT: Generate ONLY the question that Jessey Johnson would ask. DO NOT make Jessey Johnson introduce themselves again. Do not provide any answers, explanations, or additional text. Stop immediately after the question.

Jessey Johnson's Question: ""","Jessey Johnson's Question: ""Can you help me write a Python script that implements a binary search algorithm with a complexity analysis?""",2025-12-16T19:13:01.729191,
38,MIT,Intermediate,is learning about APIs,"This document contains a record of questions asked by computer science students.

STUDENT PROFILE:
Name: Jessey Johnson
Institution: A domestic American student studying at MIT
Experience Level: Sophomore student who has built simple projects for coding assignments

CURRENT SITUATION:
Jessey Johnson is learning about APIs.

Jessey Johnson has access to an AI assistant to help with coding.

TASK:
1. Think about what technical terms Jessey Johnson would likely know given their profile.
2. Generate the specific question Jessey Johnson would ask.
3. IMPORTANT: Generate ONLY the question that Jessey Johnson would ask. DO NOT make Jessey Johnson introduce themselves again. Do not provide any answers, explanations, or additional text. Stop immediately after the question.

Jessey Johnson's Question: ""","Jessey Johnson's Question: ""How can I use an API to fetch data from a remote server and display it on a webpage?""",2025-12-16T19:13:03.473192,
39,Malagasy,Beginner,is discovering vibecoding,"This document contains a record of questions asked by computer science students.

STUDENT PROFILE:
Name: Vatosoa Razafindrazaka
Institution: A Malagasy student studying at the University of Antananarivo
Experience Level: Freshman-year student discovering coding for the first time

CURRENT SITUATION:
Vatosoa Razafindrazaka is discovering vibecoding.

Vatosoa Razafindrazaka has access to an AI assistant to help with coding.

TASK:
1. Think about what technical terms Vatosoa Razafindrazaka would likely know given their profile.
2. Generate the specific question Vatosoa Razafindrazaka would ask.
3. IMPORTANT: Generate ONLY the question that Vatosoa Razafindrazaka would ask. DO NOT make Vatosoa Razafindrazaka introduce themselves again. Do not provide any answers, explanations, or additional text. Stop immediately after the question.

Vatosoa Razafindrazaka's Question: ""","Vatosoa Razafindrazaka's Question: ""What are the basics of Vibe.d in vibecoding?""",2025-12-16T19:13:05.316250,
40,Malagasy,High Intermediate,is reading a book about coding,"This document contains a record of questions asked by computer science students.

STUDENT PROFILE:
Name: Vatosoa Razafindrazaka
Institution: A Malagasy student studying at the University of Antananarivo
Experience Level: Senior students who completed a 3-month internship at a reputable tech company

CURRENT SITUATION:
Vatosoa Razafindrazaka is reading a book about coding.

Vatosoa Razafindrazaka has access to an AI assistant to help with coding.

TASK:
1. Think about what technical terms Vatosoa Razafindrazaka would likely know given their profile.
2. Generate the specific question Vatosoa Razafindrazaka would ask.
3. IMPORTANT: Generate ONLY the question that Vatosoa Razafindrazaka would ask. DO NOT make Vatosoa Razafindrazaka introduce themselves again. Do not provide any answers, explanations, or additional text. Stop immediately after the question.

Vatosoa Razafindrazaka's Question: ""","Vatosoa Razafindrazaka's Question: ""How can I implement efficient data structures in Python to optimize the performance of large datasets during my internship tasks?""",2025-12-16T19:13:07.065370,
41,MIT,High Intermediate,is taking a CS class,"This document contains a record of questions asked by computer science students.

STUDENT PROFILE:
Name: Jessey Johnson
Institution: A domestic American student studying at MIT
Experience Level: Senior students who completed a 3-month internship at a reputable tech company

CURRENT SITUATION:
Jessey Johnson is taking a CS class.

Jessey Johnson has access to an AI assistant to help with coding.

TASK:
1. Think about what technical terms Jessey Johnson would likely know given their profile.
2. Generate the specific question Jessey Johnson would ask.
3. IMPORTANT: Generate ONLY the question that Jessey Johnson would ask. DO NOT make Jessey Johnson introduce themselves again. Do not provide any answers, explanations, or additional text. Stop immediately after the question.

Jessey Johnson's Question: ""","Jessey Johnson's Question: ""Can you explain how to optimize a neural network's hyperparameters using techniques like Grid Search and Random Search?""",2025-12-16T19:13:08.781513,
42,Malagasy,High Intermediate,is developing a game,"This document contains a record of questions asked by computer science students.

STUDENT PROFILE:
Name: Vatosoa Razafindrazaka
Institution: A Malagasy student studying at the University of Antananarivo
Experience Level: Senior students who completed a 3-month internship at a reputable tech company

CURRENT SITUATION:
Vatosoa Razafindrazaka is developing a game.

Vatosoa Razafindrazaka has access to an AI assistant to help with coding.

TASK:
1. Think about what technical terms Vatosoa Razafindrazaka would likely know given their profile.
2. Generate the specific question Vatosoa Razafindrazaka would ask.
3. IMPORTANT: Generate ONLY the question that Vatosoa Razafindrazaka would ask. DO NOT make Vatosoa Razafindrazaka introduce themselves again. Do not provide any answers, explanations, or additional text. Stop immediately after the question.

Vatosoa Razafindrazaka's Question: ""","Vatosoa Razafindrazaka's Question: ""How can I efficiently implement pathfinding for a complex terrain in my game using A* algorithm?""",2025-12-16T19:13:10.614442,
43,Malagasy,Intermediate,wants to understand the difference between frontend and backend,"This document contains a record of questions asked by computer science students.

STUDENT PROFILE:
Name: Vatosoa Razafindrazaka
Institution: A Malagasy student studying at the University of Antananarivo
Experience Level: Sophomore student who has built simple projects for coding assignments

CURRENT SITUATION:
Vatosoa Razafindrazaka wants to understand the difference between frontend and backend.

Vatosoa Razafindrazaka has access to an AI assistant to help with coding.

TASK:
1. Think about what technical terms Vatosoa Razafindrazaka would likely know given their profile.
2. Generate the specific question Vatosoa Razafindrazaka would ask.
3. IMPORTANT: Generate ONLY the question that Vatosoa Razafindrazaka would ask. DO NOT make Vatosoa Razafindrazaka introduce themselves again. Do not provide any answers, explanations, or additional text. Stop immediately after the question.

Vatosoa Razafindrazaka's Question: ""","""What are the main differences between frontend and backend development, and how do they interact in a web application?""",2025-12-16T19:13:12.382455,
44,MIT,Intermediate,wants to design a database model,"This document contains a record of questions asked by computer science students.

STUDENT PROFILE:
Name: Jessey Johnson
Institution: A domestic American student studying at MIT
Experience Level: Sophomore student who has built simple projects for coding assignments

CURRENT SITUATION:
Jessey Johnson wants to design a database model.

Jessey Johnson has access to an AI assistant to help with coding.

TASK:
1. Think about what technical terms Jessey Johnson would likely know given their profile.
2. Generate the specific question Jessey Johnson would ask.
3. IMPORTANT: Generate ONLY the question that Jessey Johnson would ask. DO NOT make Jessey Johnson introduce themselves again. Do not provide any answers, explanations, or additional text. Stop immediately after the question.

Jessey Johnson's Question: ""","Jessey Johnson's Question: ""How should I structure my database schema to efficiently manage and query user profiles and their associated posts?""",2025-12-16T19:13:14.134713,
45,Malagasy,Beginner,wants to have a career prospect,"This document contains a record of questions asked by computer science students.

STUDENT PROFILE:
Name: Vatosoa Razafindrazaka
Institution: A Malagasy student studying at the University of Antananarivo
Experience Level: Freshman-year student discovering coding for the first time

CURRENT SITUATION:
Vatosoa Razafindrazaka wants to have a career prospect.

Vatosoa Razafindrazaka has access to an AI assistant to help with coding.

TASK:
1. Think about what technical terms Vatosoa Razafindrazaka would likely know given their profile.
2. Generate the specific question Vatosoa Razafindrazaka would ask.
3. IMPORTANT: Generate ONLY the question that Vatosoa Razafindrazaka would ask. DO NOT make Vatosoa Razafindrazaka introduce themselves again. Do not provide any answers, explanations, or additional text. Stop immediately after the question.

Vatosoa Razafindrazaka's Question: ""","Vatosoa Razafindrazaka's Question: ""How can I start learning and practicing coding for my future career?""",2025-12-16T19:13:15.892339,
46,Malagasy,High Intermediate,is preparing for a technical interview,"This document contains a record of questions asked by computer science students.

STUDENT PROFILE:
Name: Vatosoa Razafindrazaka
Institution: A Malagasy student studying at the University of Antananarivo
Experience Level: Senior students who completed a 3-month internship at a reputable tech company

CURRENT SITUATION:
Vatosoa Razafindrazaka is preparing for a technical interview.

Vatosoa Razafindrazaka has access to an AI assistant to help with coding.

TASK:
1. Think about what technical terms Vatosoa Razafindrazaka would likely know given their profile.
2. Generate the specific question Vatosoa Razafindrazaka would ask.
3. IMPORTANT: Generate ONLY the question that Vatosoa Razafindrazaka would ask. DO NOT make Vatosoa Razafindrazaka introduce themselves again. Do not provide any answers, explanations, or additional text. Stop immediately after the question.

Vatosoa Razafindrazaka's Question: ""","Vatosoa Razafindrazaka's Question: ""Can you explain how garbage collection works in Java and how it affects the performance of large-scale applications?""",2025-12-16T19:13:17.608644,
47,Malagasy,High Intermediate,wants to have a career prospect,"This document contains a record of questions asked by computer science students.

STUDENT PROFILE:
Name: Vatosoa Razafindrazaka
Institution: A Malagasy student studying at the University of Antananarivo
Experience Level: Senior students who completed a 3-month internship at a reputable tech company

CURRENT SITUATION:
Vatosoa Razafindrazaka wants to have a career prospect.

Vatosoa Razafindrazaka has access to an AI assistant to help with coding.

TASK:
1. Think about what technical terms Vatosoa Razafindrazaka would likely know given their profile.
2. Generate the specific question Vatosoa Razafindrazaka would ask.
3. IMPORTANT: Generate ONLY the question that Vatosoa Razafindrazaka would ask. DO NOT make Vatosoa Razafindrazaka introduce themselves again. Do not provide any answers, explanations, or additional text. Stop immediately after the question.

Vatosoa Razafindrazaka's Question: """,How can I effectively leverage my experience with machine learning algorithms to improve the performance and efficiency of cloud-based applications?,2025-12-16T19:13:19.247542,
48,Malagasy,Beginner,is learning the difference between Java and Python,"This document contains a record of questions asked by computer science students.

STUDENT PROFILE:
Name: Vatosoa Razafindrazaka
Institution: A Malagasy student studying at the University of Antananarivo
Experience Level: Freshman-year student discovering coding for the first time

CURRENT SITUATION:
Vatosoa Razafindrazaka is learning the difference between Java and Python.

Vatosoa Razafindrazaka has access to an AI assistant to help with coding.

TASK:
1. Think about what technical terms Vatosoa Razafindrazaka would likely know given their profile.
2. Generate the specific question Vatosoa Razafindrazaka would ask.
3. IMPORTANT: Generate ONLY the question that Vatosoa Razafindrazaka would ask. DO NOT make Vatosoa Razafindrazaka introduce themselves again. Do not provide any answers, explanations, or additional text. Stop immediately after the question.

Vatosoa Razafindrazaka's Question: ""","""What are the main differences between using Java and Python for writing a simple program like a calculator?""",2025-12-16T19:13:20.881246,
49,MIT,Beginner,is learning the difference between Java and Python,"This document contains a record of questions asked by computer science students.

STUDENT PROFILE:
Name: Jessey Johnson
Institution: A domestic American student studying at MIT
Experience Level: Freshman-year student discovering coding for the first time

CURRENT SITUATION:
Jessey Johnson is learning the difference between Java and Python.

Jessey Johnson has access to an AI assistant to help with coding.

TASK:
1. Think about what technical terms Jessey Johnson would likely know given their profile.
2. Generate the specific question Jessey Johnson would ask.
3. IMPORTANT: Generate ONLY the question that Jessey Johnson would ask. DO NOT make Jessey Johnson introduce themselves again. Do not provide any answers, explanations, or additional text. Stop immediately after the question.

Jessey Johnson's Question: ""","Jessey Johnson's Question: ""What are the main differences between Java and Python for beginners?""",2025-12-16T19:13:22.502138,
50,Malagasy,Intermediate,is learning about APIs,"This document contains a record of questions asked by computer science students.

STUDENT PROFILE:
Name: Vatosoa Razafindrazaka
Institution: A Malagasy student studying at the University of Antananarivo
Experience Level: Sophomore student who has built simple projects for coding assignments

CURRENT SITUATION:
Vatosoa Razafindrazaka is learning about APIs.

Vatosoa Razafindrazaka has access to an AI assistant to help with coding.

TASK:
1. Think about what technical terms Vatosoa Razafindrazaka would likely know given their profile.
2. Generate the specific question Vatosoa Razafindrazaka would ask.
3. IMPORTANT: Generate ONLY the question that Vatosoa Razafindrazaka would ask. DO NOT make Vatosoa Razafindrazaka introduce themselves again. Do not provide any answers, explanations, or additional text. Stop immediately after the question.

Vatosoa Razafindrazaka's Question: ""","Vatosoa Razafindrazaka's Question: ""How can I integrate an API into a web application I'm developing using JavaScript?""",2025-12-16T19:13:24.276395,
51,Malagasy,Intermediate,is vibecoding,"This document contains a record of questions asked by computer science students.

STUDENT PROFILE:
Name: Vatosoa Razafindrazaka
Institution: A Malagasy student studying at the University of Antananarivo
Experience Level: Sophomore student who has built simple projects for coding assignments

CURRENT SITUATION:
Vatosoa Razafindrazaka is vibecoding.

Vatosoa Razafindrazaka has access to an AI assistant to help with coding.

TASK:
1. Think about what technical terms Vatosoa Razafindrazaka would likely know given their profile.
2. Generate the specific question Vatosoa Razafindrazaka would ask.
3. IMPORTANT: Generate ONLY the question that Vatosoa Razafindrazaka would ask. DO NOT make Vatosoa Razafindrazaka introduce themselves again. Do not provide any answers, explanations, or additional text. Stop immediately after the question.

Vatosoa Razafindrazaka's Question: ""","Vatosoa Razafindrazaka's Question: ""Can you help me optimize my Python code for a bubble sort algorithm?""",2025-12-16T19:13:26.075727,
52,Malagasy,Intermediate,is building a to-do list,"This document contains a record of questions asked by computer science students.

STUDENT PROFILE:
Name: Vatosoa Razafindrazaka
Institution: A Malagasy student studying at the University of Antananarivo
Experience Level: Sophomore student who has built simple projects for coding assignments

CURRENT SITUATION:
Vatosoa Razafindrazaka is building a to-do list.

Vatosoa Razafindrazaka has access to an AI assistant to help with coding.

TASK:
1. Think about what technical terms Vatosoa Razafindrazaka would likely know given their profile.
2. Generate the specific question Vatosoa Razafindrazaka would ask.
3. IMPORTANT: Generate ONLY the question that Vatosoa Razafindrazaka would ask. DO NOT make Vatosoa Razafindrazaka introduce themselves again. Do not provide any answers, explanations, or additional text. Stop immediately after the question.

Vatosoa Razafindrazaka's Question: ""","Vatosoa Razafindrazaka's Question: ""How can I implement local storage in my to-do list so that the tasks persist between sessions using JavaScript?""",2025-12-16T19:13:27.844880,
53,Malagasy,High Intermediate,is building a website,"This document contains a record of questions asked by computer science students.

STUDENT PROFILE:
Name: Vatosoa Razafindrazaka
Institution: A Malagasy student studying at the University of Antananarivo
Experience Level: Senior students who completed a 3-month internship at a reputable tech company

CURRENT SITUATION:
Vatosoa Razafindrazaka is building a website.

Vatosoa Razafindrazaka has access to an AI assistant to help with coding.

TASK:
1. Think about what technical terms Vatosoa Razafindrazaka would likely know given their profile.
2. Generate the specific question Vatosoa Razafindrazaka would ask.
3. IMPORTANT: Generate ONLY the question that Vatosoa Razafindrazaka would ask. DO NOT make Vatosoa Razafindrazaka introduce themselves again. Do not provide any answers, explanations, or additional text. Stop immediately after the question.

Vatosoa Razafindrazaka's Question: ""","Vatosoa Razafindrazaka's Question: ""How can I optimize the loading speed of my website by minimizing the impact of third-party scripts?""",2025-12-16T19:13:29.490673,
54,Malagasy,Intermediate,wants to design a database model,"This document contains a record of questions asked by computer science students.

STUDENT PROFILE:
Name: Vatosoa Razafindrazaka
Institution: A Malagasy student studying at the University of Antananarivo
Experience Level: Sophomore student who has built simple projects for coding assignments

CURRENT SITUATION:
Vatosoa Razafindrazaka wants to design a database model.

Vatosoa Razafindrazaka has access to an AI assistant to help with coding.

TASK:
1. Think about what technical terms Vatosoa Razafindrazaka would likely know given their profile.
2. Generate the specific question Vatosoa Razafindrazaka would ask.
3. IMPORTANT: Generate ONLY the question that Vatosoa Razafindrazaka would ask. DO NOT make Vatosoa Razafindrazaka introduce themselves again. Do not provide any answers, explanations, or additional text. Stop immediately after the question.

Vatosoa Razafindrazaka's Question: ""","Vatosoa Razafindrazaka's Question: ""Can you guide me on how to design a normalized database model for a university system that includes tables for students, courses, and enrollments?""",2025-12-16T19:13:31.025453,
55,MIT,Intermediate,wants to have a career prospect,"This document contains a record of questions asked by computer science students.

STUDENT PROFILE:
Name: Jessey Johnson
Institution: A domestic American student studying at MIT
Experience Level: Sophomore student who has built simple projects for coding assignments

CURRENT SITUATION:
Jessey Johnson wants to have a career prospect.

Jessey Johnson has access to an AI assistant to help with coding.

TASK:
1. Think about what technical terms Jessey Johnson would likely know given their profile.
2. Generate the specific question Jessey Johnson would ask.
3. IMPORTANT: Generate ONLY the question that Jessey Johnson would ask. DO NOT make Jessey Johnson introduce themselves again. Do not provide any answers, explanations, or additional text. Stop immediately after the question.

Jessey Johnson's Question: ""","Jessey Johnson's Question: ""How can I optimize the runtime complexity of my algorithms to improve performance in large-scale projects?""",2025-12-16T19:13:32.668974,
56,MIT,High Intermediate,is developing a game,"This document contains a record of questions asked by computer science students.

STUDENT PROFILE:
Name: Jessey Johnson
Institution: A domestic American student studying at MIT
Experience Level: Senior students who completed a 3-month internship at a reputable tech company

CURRENT SITUATION:
Jessey Johnson is developing a game.

Jessey Johnson has access to an AI assistant to help with coding.

TASK:
1. Think about what technical terms Jessey Johnson would likely know given their profile.
2. Generate the specific question Jessey Johnson would ask.
3. IMPORTANT: Generate ONLY the question that Jessey Johnson would ask. DO NOT make Jessey Johnson introduce themselves again. Do not provide any answers, explanations, or additional text. Stop immediately after the question.

Jessey Johnson's Question: ""","""How can I implement pathfinding algorithms like A* or Dijkstra's in my game to optimize NPC movement?""",2025-12-16T19:13:34.295926,
57,Malagasy,High Intermediate,is doing a hackathon,"This document contains a record of questions asked by computer science students.

STUDENT PROFILE:
Name: Vatosoa Razafindrazaka
Institution: A Malagasy student studying at the University of Antananarivo
Experience Level: Senior students who completed a 3-month internship at a reputable tech company

CURRENT SITUATION:
Vatosoa Razafindrazaka is doing a hackathon.

Vatosoa Razafindrazaka has access to an AI assistant to help with coding.

TASK:
1. Think about what technical terms Vatosoa Razafindrazaka would likely know given their profile.
2. Generate the specific question Vatosoa Razafindrazaka would ask.
3. IMPORTANT: Generate ONLY the question that Vatosoa Razafindrazaka would ask. DO NOT make Vatosoa Razafindrazaka introduce themselves again. Do not provide any answers, explanations, or additional text. Stop immediately after the question.

Vatosoa Razafindrazaka's Question: ""","How can I optimize the performance of a real-time data processing pipeline using Apache Kafka and Spark Streaming in this hackathon?""",2025-12-16T19:13:36.036557,
58,MIT,Intermediate,is vibecoding,"This document contains a record of questions asked by computer science students.

STUDENT PROFILE:
Name: Jessey Johnson
Institution: A domestic American student studying at MIT
Experience Level: Sophomore student who has built simple projects for coding assignments

CURRENT SITUATION:
Jessey Johnson is vibecoding.

Jessey Johnson has access to an AI assistant to help with coding.

TASK:
1. Think about what technical terms Jessey Johnson would likely know given their profile.
2. Generate the specific question Jessey Johnson would ask.
3. IMPORTANT: Generate ONLY the question that Jessey Johnson would ask. DO NOT make Jessey Johnson introduce themselves again. Do not provide any answers, explanations, or additional text. Stop immediately after the question.

Jessey Johnson's Question: ""","Jessey Johnson's Question: ""Can you help me understand how to implement a binary search algorithm in Python for a sorted list of integers?""",2025-12-16T19:13:37.679998,
59,MIT,High Intermediate,wants to optimize a system design,"This document contains a record of questions asked by computer science students.

STUDENT PROFILE:
Name: Jessey Johnson
Institution: A domestic American student studying at MIT
Experience Level: Senior students who completed a 3-month internship at a reputable tech company

CURRENT SITUATION:
Jessey Johnson wants to optimize a system design.

Jessey Johnson has access to an AI assistant to help with coding.

TASK:
1. Think about what technical terms Jessey Johnson would likely know given their profile.
2. Generate the specific question Jessey Johnson would ask.
3. IMPORTANT: Generate ONLY the question that Jessey Johnson would ask. DO NOT make Jessey Johnson introduce themselves again. Do not provide any answers, explanations, or additional text. Stop immediately after the question.

Jessey Johnson's Question: ""","Jessey Johnson's Question: ""How can I effectively implement a microservices architecture to optimize system performance and scalability while ensuring efficient inter-service communication?""",2025-12-16T19:13:39.312988,
60,Malagasy,High Intermediate,is building their own project,"This document contains a record of questions asked by computer science students.

STUDENT PROFILE:
Name: Vatosoa Razafindrazaka
Institution: A Malagasy student studying at the University of Antananarivo
Experience Level: Senior students who completed a 3-month internship at a reputable tech company

CURRENT SITUATION:
Vatosoa Razafindrazaka is building their own project.

Vatosoa Razafindrazaka has access to an AI assistant to help with coding.

TASK:
1. Think about what technical terms Vatosoa Razafindrazaka would likely know given their profile.
2. Generate the specific question Vatosoa Razafindrazaka would ask.
3. IMPORTANT: Generate ONLY the question that Vatosoa Razafindrazaka would ask. DO NOT make Vatosoa Razafindrazaka introduce themselves again. Do not provide any answers, explanations, or additional text. Stop immediately after the question.

Vatosoa Razafindrazaka's Question: ""","Vatosoa Razafindrazaka's Question: ""How can I implement efficient data serialization and deserialization for my project using Protobuf in Python?""",2025-12-16T19:13:40.846616,
61,Malagasy,Intermediate,wants to have a career prospect,"This document contains a record of questions asked by computer science students.

STUDENT PROFILE:
Name: Vatosoa Razafindrazaka
Institution: A Malagasy student studying at the University of Antananarivo
Experience Level: Sophomore student who has built simple projects for coding assignments

CURRENT SITUATION:
Vatosoa Razafindrazaka wants to have a career prospect.

Vatosoa Razafindrazaka has access to an AI assistant to help with coding.

TASK:
1. Think about what technical terms Vatosoa Razafindrazaka would likely know given their profile.
2. Generate the specific question Vatosoa Razafindrazaka would ask.
3. IMPORTANT: Generate ONLY the question that Vatosoa Razafindrazaka would ask. DO NOT make Vatosoa Razafindrazaka introduce themselves again. Do not provide any answers, explanations, or additional text. Stop immediately after the question.

Vatosoa Razafindrazaka's Question: ""","""What are the essential technologies and programming languages I should focus on to enhance my career prospects in software development?""",2025-12-16T19:13:42.486308,
62,MIT,High Intermediate,is building their own project,"This document contains a record of questions asked by computer science students.

STUDENT PROFILE:
Name: Jessey Johnson
Institution: A domestic American student studying at MIT
Experience Level: Senior students who completed a 3-month internship at a reputable tech company

CURRENT SITUATION:
Jessey Johnson is building their own project.

Jessey Johnson has access to an AI assistant to help with coding.

TASK:
1. Think about what technical terms Jessey Johnson would likely know given their profile.
2. Generate the specific question Jessey Johnson would ask.
3. IMPORTANT: Generate ONLY the question that Jessey Johnson would ask. DO NOT make Jessey Johnson introduce themselves again. Do not provide any answers, explanations, or additional text. Stop immediately after the question.

Jessey Johnson's Question: ""","Jessey Johnson's Question: ""How can I optimize the performance of my recommendation system algorithm by leveraging distributed computing frameworks?""",2025-12-16T19:13:44.228904,
63,MIT,Intermediate,wants to understand the difference between frontend and backend,"This document contains a record of questions asked by computer science students.

STUDENT PROFILE:
Name: Jessey Johnson
Institution: A domestic American student studying at MIT
Experience Level: Sophomore student who has built simple projects for coding assignments

CURRENT SITUATION:
Jessey Johnson wants to understand the difference between frontend and backend.

Jessey Johnson has access to an AI assistant to help with coding.

TASK:
1. Think about what technical terms Jessey Johnson would likely know given their profile.
2. Generate the specific question Jessey Johnson would ask.
3. IMPORTANT: Generate ONLY the question that Jessey Johnson would ask. DO NOT make Jessey Johnson introduce themselves again. Do not provide any answers, explanations, or additional text. Stop immediately after the question.

Jessey Johnson's Question: ""","Jessey Johnson's Question: ""Can you explain the main differences between frontend and backend development and how they interact within a web application?""",2025-12-16T19:13:46.079083,
64,Malagasy,Intermediate,is doing a hackathon,"This document contains a record of questions asked by computer science students.

STUDENT PROFILE:
Name: Vatosoa Razafindrazaka
Institution: A Malagasy student studying at the University of Antananarivo
Experience Level: Sophomore student who has built simple projects for coding assignments

CURRENT SITUATION:
Vatosoa Razafindrazaka is doing a hackathon.

Vatosoa Razafindrazaka has access to an AI assistant to help with coding.

TASK:
1. Think about what technical terms Vatosoa Razafindrazaka would likely know given their profile.
2. Generate the specific question Vatosoa Razafindrazaka would ask.
3. IMPORTANT: Generate ONLY the question that Vatosoa Razafindrazaka would ask. DO NOT make Vatosoa Razafindrazaka introduce themselves again. Do not provide any answers, explanations, or additional text. Stop immediately after the question.

Vatosoa Razafindrazaka's Question: ""","Vatosoa Razafindrazaka's Question: ""How can I implement a fast sorting algorithm for a large dataset in Python to improve the performance of my hackathon project?""",2025-12-16T19:13:47.817048,
